"Keyword","Impressions","Clicks","CTR","Avg. Position"
"alanon","783","2","0.26%","7.643680715197955"
"al-anon","590","0","0%","6.63898033898305"
"al-anon.org","164","2","1.22%","5.396334146341463"
"al anon 12 steps","141","4","2.84%","3.539008510638298"
"al anon reading for today","64","8","12.5%","4.4531171875"
"al-anon 12 steps","62","6","9.68%","4.225804838709678"
"al anon steps","56","4","7.140000000000001%","3.928564285714286"
"todays hope reading al-anon","35","0","0%","3.4857142857142858"
"alanon daily reading","34","9","26.47%","3.1176411764705882"
"al-anon daily readings online","32","1","3.12%","3.843746875"
"step 8 al anon","30","6","20%","3.7666466666666665"
"alanon daily reflections for today","28","4","14.290000000000001%","4.89285"
"12 steps of al anon","23","0","0%","4.173904347826086"
"daily alanon sharing","23","23","100%","3.391304347826087"
"al anon daily paths","22","3","13.64%","3.727290909090909"
"al anon steps and traditions","20","0","0%","5.2"
"al-anon daily reflections","19","5","26.32%","5.157900000000001"
"al anon thought for the day","18","4","22.22%","3.500011111111111"
"al-anon literature","18","0","0%","6.333338888888889"
"alanon step 9","16","6","37.5%","2.6875"
"dailypaths.org","16","2","12.5%","4"
"12 steps of al-anon","16","1","6.25%","3.5"
"hope for today alanon","14","1","7.140000000000001%","6.14285"
"al-anon dai","14","0","0%","4.857142857142857"
"al-anon daily readings","14","2","14.290000000000001%","4.499992857142857"
"al anon detach with love","14","0","0%","7.357142857142857"
"step9 al anon","13","2","15.38%","3.0000153846153848"
"daily recovery readings","13","1","7.69%","8.923092307692308"
"step 7 al anon","13","2","15.38%","2.9230846153846155"
"step 6 al anon","12","3","25%","4.583341666666667"
"al anon literature","12","0","0%","6.083333333333333"
"al-anon daily reading","12","1","8.33%","3.9166666666666665"
"al anon step 8","11","0","0%","3.454554545454546"
"today's sharing al anon","11","2","18.18%","3.6363636363636362"
"al anon daily meditation","11","1","9.09%","3.6363636363636362"
"today's hope al anon","11","0","0%","4.090918181818182"
"one day at a time in alanon for august 27th","10","0","0%","4.6"
"alanon.org","10","0","0%","7.59998"
"al anon daily readings","10","3","30%","3.5"
"alanon step 7","9","3","33.33%","2.5555555555555554"
"learning  al-anon spiritual growth though character defects","9","0","0%","6.111111111111111"
"in al-anon they ask can being honest and admitting a mistake have positive conseqeneces? what are they?","8","0","0%","1.5"
"alanon daily reader","8","5","62.5%","5"
"al-anon teachings for today","8","1","12.5%","4.5"
"al-anon step two","8","0","0%","3"
"12 steps al anon","8","0","0%","4.5"
"al anon daily readings online","8","4","50%","3.375"
"al-anon steps","8","0","0%","3.625"
"alanon step 5 promise","8","1","12.5%","3.5"
"al anon step 4","8","1","12.5%","2.875"
"al anon literature online","7","0","0%","5.571442857142857"
"al-anon daily paths","7","0","0%","5.1429"
"todays hope reading al anon","7","0","0%","3"
"step 10 questions in the al anon book paths to recovery all the questions  printable list","7","1","14.290000000000001%","11.2857"
"alanon step 9 summary","7","1","14.290000000000001%","3.5714"
"alnon","6","0","0%","8.5"
"al-anon odat daily reading","6","1","16.67%","3.8333333333333335"
"step nine alanon","6","3","50%","4.166666666666667"
"step seven questions al anon","6","1","16.67%","1.5"
"step 9 al-anon reading","6","1","16.67%","2.1666666666666665"
"al anon daily readings for today","6","1","16.67%","4"
"todays alanon thoughts and prayers","6","1","16.67%","4.5"
"gratitude al-anon thoughts for todays reflection","6","0","0%","4"
"daily readings al-anon","6","0","0%","4.5"
"al-anon's first step","6","1","16.67%","2.5"
"al-anon's step 7 study","6","1","16.67%","2"
"step 8 in al-anon","5","1","20%","4.4"
"one day at a time al anon","5","1","20%","5.8"
"12 steps al-anon","5","0","0%","4.2"
"today's sharing al-anon","5","0","0%","3.6"
"al anon step 1","5","4","80%","1.4"
"al anon resources","5","0","0%","5.60002"
"al anon daily reflection","5","3","60%","5.6"
"alanom","4","0","0%","7"
"alanon reading of the dsy","4","0","0%","3.5"
"step seven in al anon","4","0","0%","2"
"al-anon step 12 questions","4","1","25%","2.75"
"in al-anon they ask can i remember when another person admitted afault or mistake to me and i understood and didn't judge?","4","0","0%","10"
"www.everydailyalanon.org","4","0","0%","4.75"
"step seven alanon questions and answers","4","1","25%","3"
"facing reality in al-anon","4","0","0%","5"
"al-anon shares on step 7","4","0","0%","2.5"
"find me a daily read from al-anon on step 1","4","1","25%","5.25"
"al-anon one day at a time augut 28th","4","0","0%","5.5"
"al anon recovery readings online","4","0","0%","3.5"
"al-anon gratitude literature","4","1","25%","3.5"
"al anon reading on self care","4","1","25%","3.25"
"willingness vs ready in al/anon writing","4","1","25%","3.5"
"daily al anon reading","4","1","25%","4"
"step 10 questions in the al anon book paths to recovery all the questions","4","1","25%","1.5"
"alanon step one questions","4","2","50%","4.75"
"al-anon daily reflections for today email","4","2","50%","4"
"honesty al-anon","4","2","50%","2.5"
"alanon step 3","4","2","50%","2.25"
"information about step 8 of al-anon","4","1","25%","2.5"
"courage to change in alanon august 12","4","0","0%","5"
"question for step 8  in alanon","4","1","25%","5.5"
"al anon daily thought","4","0","0%","4.5"
"al-anon just for today reading","4","0","0%","8.5"
"honesty alanon and step 5","4","1","25%","2.5"
"al anon teachings","4","0","0%","5"
"alanon 12 step questions","4","1","25%","3"
"allanon dailybdevotional","4","1","25%","3"
"al-anon, step two","4","0","0%","3"
"alanon todays sharing","4","0","0%","3.5"
"alanon 12 step","4","0","0%","4.25"
"tradition seven alanon readings in one day at a time","4","1","25%","5.5"
"al-anon step 1","4","2","50%","5"
"al anon types of amends","4","1","25%","2"
"alanon step 2 prayer","4","1","25%","6"
"al-anon courage to change daily reading for today","4","1","25%","5.5"
"al anon step and tradition study","4","0","0%","7.5"
"al-anon step 7","4","2","50%","4.75"
"alanon+daily+meditations","4","1","25%","4"
"al-anon how to apply concept eight to our daily lives","4","0","0%","6.5"
"al-anon step 4 self-analysis fear of being fired humiliated","4","0","0%","2.5"
"step 12 alanon","4","1","25%","5.5"
"al anon one day at a time daily readings","4","1","25%","5"
"al-anon denial loved one drinking boundaries","4","0","0%","1"
"al anon trasitions","4","0","0%","4.5"
"al-anon step study step 3","4","0","0%","5.5"
"choices and changes using alanon teachings","4","0","0%","7.5"
"step 7 al-anon","4","1","25%","3.75"
"step 8 questions al anon","4","0","0%","1.5"
"step two al anon","4","1","25%","3"
"finding your path alanon","4","1","25%","1.5"
"daily reading in one day at a time in al-anon","3","0","0%","3"
"al anon today's hope","3","0","0%","4.333333333333333"
"step 8 al-anon how do i apply it","3","2","66.67%","2.6667"
"alanon daily readers","3","0","0%","3.6666666666666665"
"mensajes para hoy de al anon","3","0","0%","9.333333333333334"
"al-anon readings","3","0","0%","4.666666666666667"
"detach with love al-anon","3","0","0%","7"
"al anon daily reading one day at a time 9/6","3","1","33.33%","4"
"11th step al anon meeting","3","1","33.33%","3"
"step 4 al anon","3","0","0%","3.6667"
"principles of 12 steps of al-anon","3","0","0%","5"
"al-anon daily reflection","3","1","33.33%","6.3333"
"krok 9 al anon pomocnicze pytania","3","0","0%","4"
"alanon change topic readers","3","1","33.33%","3.6667"
"al anon teading","3","0","0%","5"
"al-anon alateen steps","3","0","0%","3.3333"
"al anon 12 steps and 12 traditions","3","0","0%","5"
"al anon seventh step prayer","3","0","0%","4"
"how to conduct al-anon step study?","3","0","0%","3.3333333333333335"
"step eight al-anon.","3","1","33.33%","3.6667"
"step 5 alanon","3","1","33.33%","3.6666666666666665"
"step four reading alanon","3","1","33.33%","1"
"12 step al anon","3","0","0%","5"
"al-anon daily reading august 12","3","2","66.67%","5.3333"
"12 steps for al anon","3","0","0%","3.3333333333333335"
"al-anon taking a walk, picking up rocks","3","1","33.33%","1"
"al anon one day at a time reading for today","3","0","0%","3.3333"
"al-anon carrying a bag of rocks","3","1","33.33%","2"
"12 step daily readings","3","0","0%","6.6667"
"questions that help in step 4 in alanon","3","0","0%","4"
"al anon step 3 prayer","3","1","33.33%","4.333333333333333"
"al anon scotland daily","2","0","0%","9"
"what exactly is detachment with love in alanon","2","1","50%","4"
"alon fourth step","2","1","50%","4"
"al-anon daily reader","2","1","50%","3.5"
"al anon gratitude readings","2","1","50%","2"
"best alanon stories to read for people struggling with social boundaries","2","1","50%","3.5"
"al-anon step 9 information","2","0","0%","2.5"
"al-anon.org login","2","1","50%","9"
"al anon readings on boundaries","2","1","50%","1.5"
"al-anon courage to change reading for today","2","0","0%","6"
"sample of a two step talk in al-anon","2","2","100%","4.5"
"al anon daily pass","2","2","100%","2"
"step nine/alanon","2","0","0%","1"
"boundaries alanon","2","2","100%","1.5"
"step six al-anon","2","0","0%","4"
"alanon amends to myself","2","2","100%","3"
"is step 3 in al-anon the hope or faith step","2","1","50%","1.5"
"the principle of step 8 of al anon","2","1","50%","2"
"alanon. giving up hope","2","0","0%","5"
"allon 12 steps of recovery","2","0","0%","1"
"alanon/how does step one change my perspective about the disease of alcoholism","2","1","50%","3.5"
"paths to recovery","2","0","0%","7.5"
"whats a nrw ohrasing of alanon step three that hits at the core","2","1","50%","4.5"
"al anon one day at a time daily readings for today","2","1","50%","4.5"
"honesty of alanon","2","1","50%","1.5"
"daily reflections for recovery prayer","2","1","50%","9"
"daily meditations al anon todays sharing","2","0","0%","5"
"alanon stepts","2","0","0%","4.5"
"al-anon meeting on grief","2","0","0%","6"
"step 3 alanon","2","1","50%","2.5"
"courage for change al anon reading get busy and get better meditation","2","1","50%","3.5"
"al-anon step 11","2","1","50%","17"
"al=anon reader august 12 hope for today","2","0","0%","4"
"step 1 al-anon","2","1","50%","2"
"step three al anon","2","1","50%","2.5"
"al-anon into action","2","0","0%","5.5"
"akanon dauly readings","2","0","0%","5"
"step 8 al anon reading","2","0","0%","3"
"step 2 of the 12 steps of alanon what to expect","2","1","50%","1.5"
"allanon/higher power","2","0","0%","8"
"al-anon reflections of the day","2","0","0%","3"
"detachment in alanon","2","0","0%","3"
"step 8 to myself in alanon","2","1","50%","5.5"
"al anon sharin gof today","2","0","0%","5.5"
"one day at a time daily readings","2","1","50%","2"
"step 8 in alanon prayer","2","1","50%","5"
"step 11 as shared in alanon","2","1","50%","4"
"step 2 al-anon questions explanation","2","0","0%","4"
"al-anon step one","2","1","50%","4.5"
"alanon courage to change july 7","2","0","0%","9"
"which alanon step addresses fear","2","0","0%","3.5"
"readings for step seven humility alonon","2","1","50%","1.5"
"al-anon on humility","2","1","50%","4"
"al-anon literature online free","2","0","0%","3"
"al anon paths to recovery step 5 questions","2","1","50%","1.5"
"step 4 al anon study questions","2","1","50%","4"
"how did alanon step 9 did to me","2","1","50%","5"
"alanon best readings about awareness","2","1","50%","1"
"step 2 al-anon questions","2","0","0%","1"
"yesterday daily reflections ala non","2","0","0%","3"
"step 9 in the al-anon program","2","1","50%","3.5"
"al anon paths to recovery","2","0","0%","8.5"
"alanon by the day","2","1","50%","3.5"
"scotland daily al anon","2","0","0%","6"
"what does over responsiblity look like in al anon","2","1","50%","2.5"
"daily readings from al-anon's magazine the forum • recovery reflections • quote/sayings","2","1","50%","6.5"
"al-anon principles to live by day","2","2","100%","2"
"a gradual shift in focus - s-anon twelve steps","2","0","0%","4.5"
"gratitude al anon topic","2","1","50%","4"
"al anon reflexiones","2","0","0%","6.5"
"12 steps each steps question","2","0","0%","8.5"
"s-anon sugguested step 4 excel table","2","0","0%","7"
"al anon step 7 yes","2","1","50%","2.5"
"should al-anon step study be held separate from regular meetings?","2","0","0%","7"
"explain step 7 al anon","2","2","100%","3.5"
"al-anon spiritual support","2","0","0%","6.5"
"what is an example of of an act of self will in al-anon recovery","2","0","0%","5.5"
"honest open willing al-anon reading","2","1","50%","3.5"
"one day at a time august 23 alanon","2","1","50%","4.5"
"al anon on breaking isolation","2","1","50%","2.5"
"find a daily reader on step 1 al anon","2","0","0%","1.5"
"mstep seven alanon.","2","0","0%","3.5"
"alanon the path","2","1","50%","2.5"
"al anon recovery","2","1","50%","6.5"
"boundaries readings al-anon","2","1","50%","2"
"12 etapes al anon","2","0","0%","8"
"al-anon recovery show boundaries","2","0","0%","3"
"+step 7 alanon pathways to recovery questions 2026","2","0","0%","3.5"
"lanon step 4","2","0","0%","4"
"hope in step 2 of alanon","2","0","0%","2.5"
"al anon recovery day","2","1","50%","4"
"twelve steps al-anon","2","0","0%","6"
"step 2 al anon","2","0","0%","5"
"al anon step 1 insights","2","0","0%","2.5"
"alanon daily reflections","2","0","0%","5"
"daily meditation al anon","2","1","50%","5"
"july 28 alanon readings","2","1","50%","4.5"
"oen day at a time in al anon","2","0","0%","5"
"al anon reading topics","2","1","50%","2.5"
"10 steps alanon","2","0","0%","3.5"
"7th step in alanon","2","1","50%","3.5"
"al-anon readings on defend","2","1","50%","2"
"al-anon thought for the day","2","0","0%","6"
"al-anon nightly prayer devotional","2","1","50%","1.5"
"al-anon tools of recovery","2","0","0%","5.5"
"al-anon step 8 questions","2","1","50%","2.5"
"al-anon.org/concept 11","2","0","0%","7"
"detachment prayer alanon","2","0","0%","6"
"how to begin 12 steps in al anon","2","1","50%","7.5"
"al-anon's one day at a time september 15th","2","0","0%","7"
"in the alanon book pathways to recovery it is mentioned we must 12 step ourselves","2","0","0%","3"
"step two how al anon works","2","1","50%","2.5"
"al anon readings for today","2","0","0%","6"
"thoughts on al-anon tradition 8","2","0","0%","4.5"
"lois on 'letting go' in al-anon service","2","0","0%","7.5"
"al anon trusting a higher power","2","0","0%","2"
"al aono step one","2","1","50%","5"
"al anon daily","2","1","50%","3"
"12 steps and tradition of alanon","2","0","0%","4"
"al anon detachment questions","2","1","50%","2"
"is daily paths considered alanon approved?","2","1","50%","1.5"
"what is an example of self will in al-anon","2","0","0%","4"
"step 1 of al anon how to","2","2","100%","3.5"
"al=anon steps","2","0","0%","5"
"alanon sstep 9","2","1","50%","4.5"
"anon step 3","2","1","50%","1"
"al-anon steps and traditions","2","0","0%","6"
"alanon addiction taught me healing taught me","2","1","50%","3"
"one day at a time daily reading alanon","2","1","50%","3"
"al-anon readings for today, 7/21/26","2","1","50%","3.5"
"huaraches near me","2","0","0%","4"
"al-anon gratitude","2","1","50%","4.5"
"al-anon readings on boundaries","2","1","50%","3"
"+alanon daily reflections","2","1","50%","4"
"al-anon meeting on boundries","2","0","0%","1"
"al anon she did this to me","2","0","0%","10"
"importance of step 7 in al-anon","2","1","50%","1.5"
"al-anon today's share","2","0","0%","4"
"road to recovery program al anon","2","1","50%","5.5"
"+alanon step 5 promise","2","1","50%","3.5"
"working step 6 al-anon","2","1","50%","3.5"
"9th step in al anon meetings","2","1","50%","4.5"
"is the alanon daily paths app conference approved?","2","1","50%","4.5"
"al-anon.shares on step 7","2","0","0%","3"
"daily reading from alanon","2","2","100%","4.5"
"powerlessness in alanon","2","0","0%","7"
"alanon.org/kindness","2","0","0%","9"
"alonon dailing reflections book","2","1","50%","2.5"
"ala non meditation for the day","2","1","50%","3.5"
"alanon and the role of hope in recovery","2","1","50%","4.5"
"al a detach from love","2","0","0%","8"
"alanon messages and surrender","2","0","0%","9.5"
"definition of powerlessness in al-anon","2","0","0%","7"
"al anon reading june 30","2","1","50%","6"
"working alanon step 9","2","1","50%","3.5"
"aal anon step 7","2","1","50%","3"
"alsnon daily readings on line for today","2","1","50%","4.5"
"talks or meditations on living the al-anon life","2","1","50%","3"
"al anon daily affirmations","2","1","50%","2"
"alanon 12 steps in 15 minutes","2","1","50%","5"
"the 12 steps of al-anon initial questionnaire","2","1","50%","5.5"
"need for control alanon","2","2","100%","2"
"al-anon daily meditation readings","2","0","0%","5"
"step one al anon","2","1","50%","3.5"
"one day at a time in al-anon","2","1","50%","7.5"
"al-anon pray","2","0","0%","7.5"
"alanon 12 step program","2","0","0%","5"
"al-anon daily meditation","2","1","50%","6"
"pathways to hope page 114 al anon","2","1","50%","1.5"
"what is step five in alanon","2","0","0%","2.5"
"the principle for step 7 in alanon","2","1","50%","1.5"
"step nine from alanon","2","1","50%","3"
"alanon step 5","2","2","100%","2"
"al anon 2nd step","2","0","0%","2.5"
"good reading from alanon for people for today","2","0","0%","3"
"al-anon daily readings online free","2","1","50%","5"
"alanon honesty","2","2","100%","1.5"
"alanon paths to recovery step four questions","2","1","50%","2"
"al-anon first step","2","0","0%","7"
"al-anon readings on arguing","2","1","50%","1"
"alcoholics anonymous daily reflections","2","1","50%","8.5"
"how to do step 11 in alanon","2","1","50%","5"
"letting go of controlling and expectations alanon blogs","2","3","150%","4.5"
"al-anon hope for recovery daily reader","2","0","0%","2.5"
"al anon principles of 12 steps","2","0","0%","5"
"todays path al anon","2","1","50%","2.5"
"al anon help on steps 1, 2 and 3","2","1","50%","1"
"al-anon thought force","2","0","0%","3"
"al anon daily readers canada","2","1","50%","1"
"alanon daily reader for letting go","2","1","50%","2"
"step 10 al-anon","2","1","50%","4"
"al anon reading on starting your day over","2","1","50%","1"
"what are the principles of al anon","2","0","0%","10"
"al anon guide to the twelve steps","2","0","0%","2"
"al anon boundaries","2","0","0%","4"
"alanon themes","2","1","50%","2"
"read al anon daily readers online","2","0","0%","2"
"12 steis if al anon","2","0","0%","4"
"what recovery topic goes along with nine and alanon","2","0","0%","7.5"
"alanon ten steps","2","1","50%","4"
"al-anon online","2","0","0%","7"
"al-anon personal boundaries","2","1","50%","3"
"al anon higher powere","2","0","0%","4"
"alanon learning to detach with love","2","0","0%","5"
"al-anon 12 steps reflection questions","2","1","50%","1.5"
"best al anon books or leaflets on boundries","2","0","0%","2"
"daily affirmations al anon","2","1","50%","5"
"al-anon 1st step reflection","2","1","50%","1.5"
"what prayers does al anon recite","2","1","50%","2.5"
"al anon morning prayer","2","0","0%","10"
"9th step in alanon","2","0","0%","3"
"truth al-anon","2","0","0%","4.5"
"what are good questions to ask for step 1 in the alanon program","2","2","100%","3.5"
"alanon reading about dependency","2","1","50%","3"
"courage to change daily reading","2","0","0%","8.5"
"honesty alanon","2","1","50%","1.5"
"paths to recovery step 2 questions","1","0","0%","6"
"courage to change al-anon reading for today","1","1","100%","6"
"al-anon peace of mind","1","1","100%","6"
"alanon relapse","1","0","0%","8"
"one day at a time in alanon","1","1","100%","5"
"12 step prayers and meditations","1","0","0%","18"
"what are heallthy al anon boundaries","1","1","100%","1"
"step 7 alanon main points","1","0","0%","3"
"al anon step 6","1","1","100%","1"
"alanon topics living in the moment","1","0","0%","6"
"list of the 12 al-anon steps","1","1","100%","3"
"unmanageable life alanon","1","0","0%","5"
"alanon steps to detaching with love","1","0","0%","5"
"alaonon step 3 video","1","1","100%","7"
"alanon 12 additions","1","0","0%","9"
"al anon prayer of st francis","1","0","0%","5"
"7 needs in alanon","1","1","100%","4"
"alanon blog","1","1","100%","4"
"families anomyous step 9 reflections","1","1","100%","2"
"al anon books on boundries","1","0","0%","1"
"al-anon 12 shortcomings","1","1","100%","3"
"one day at a time in allen on reading for today","1","1","100%","4"
"al-anon just for today july 8th reading list","1","1","100%","2"
"just for today card al anon reading","1","0","0%","8"
"al anon hope for today reading","1","0","0%","7"
"alanon gratitude","1","0","0%","7"
"s-anon step 1","1","1","100%","2"
"alanon and victimhood","1","1","100%","2"
"moral inventory al-anon","1","0","0%","3"
"alanon for pourous people","1","0","0%","8"
"al anon readings at meeting","1","0","0%","4"
"12 steps for families daily devotional","1","1","100%","1"
"great al anon readings","1","1","100%","1"
"alanon - detach with love","1","0","0%","8"
"4. schritt alanon","1","0","0%","5"
"alanon blogs","1","0","0%","6"
"al anon prayer","1","0","0%","10"
"growing towards wisdom al anon","1","0","0%","9"
"12 week topic programme for al-anon","1","0","0%","9"
"alanon affirmation when anyone","1","0","0%","5"
"theme for recovery","1","0","0%","8"
"alanon tips for survival","1","0","0%","2"
"al-anon 12 steps and traditions","1","0","0%","6"
"12 etapeal-anon","1","0","0%","2"
"al-anon i can't fix it","1","1","100%","7"
"end your day right alanon meeting","1","0","0%","10"
"paths to recovery step 9","1","0","0%","3"
"ehrlichkeit al anon","1","0","0%","4"
"alanon one day at a time readings","1","1","100%","3"
"al-anon principles","1","0","0%","7"
"welbriety step 3 faith","1","0","0%","2"
"step 11 alanon","1","2","200%","2"
"alonreudor.com","1","0","0%","10"
"how to apply tradition 9 al-anon in my daily life","1","0","0%","5"
"what action can i take that shows i am entirely ready for god to remove my character defects?","1","0","0%","5"
"twelfth steps of alanon","1","0","0%","2"
"step 5 aa worksheet alonon","1","1","100%","7"
"humility in alanon","1","1","100%","1"
"what should i say in a 1 hour al-anon speech on "do i have a choice?","1","0","0%","6"
"what are the 12 steps of al-anon","1","1","100%","2"
"al-aon","1","0","0%","10"
"al anon step 5 worksheet","1","0","0%","3"
"al-anon reading on expectations are pre-meditated resentments","1","0","0%","10"
"alanon journaling","1","1","100%","1"
"al-anon letting go","1","1","100%","5"
"the 12 steps of al anon","1","0","0%","3"
"miracles in progress al anon","1","0","0%","3"
"der 5. schritt bei al-anon","1","0","0%","6"
"recovery themes","1","0","0%","2"
"al-anon and emotions","1","1","100%","5"
"tradition 8 in al-anon","1","0","0%","9"
"humility 7","1","0","0%","5"
"alanon reading aug 24 vancouver","1","1","100%","1"
"step 8 worksheet al-anon","1","0","0%","5"
"four primary ideas of the alanon 12 steps","1","0","0%","1"
"www.al-anon.org.uk/aa-login","1","0","0%","7"
"al-anon reading for the day","1","1","100%","2"
"step seven, naar-anon","1","3","300%","2"
"al anon hope for today august 24","1","1","100%","2"
"keep the focus on me alanon forum","1","2","200%","9"
"al anon hope for today","1","0","0%","6"
"alanon lunes 3 de 202","1","0","0%","6"
"al alenn 12 step.prograne","1","0","0%","3"
"alanon, boundaries","1","1","100%","2"
"4. schritt alanon anleitung","1","0","0%","5"
"twelve steps of recovery al anon","1","1","100%","1"
""honest open willing" acronym al-anon reading","1","1","100%","1"
"what are the two books that al anon recommend you read","1","0","0%","8"
"essay topics on recovery","1","1","100%","5"
"alonon readings for fear","1","1","100%","1"
"anon readings","1","0","0%","1"
"al anon uk official site","1","0","0%","29"
"alocholics annoymous fellowship diary","1","0","0%","7"
"alanon philosophy of responsibility","1","1","100%","6"
"alanon topics","1","1","100%","7"
"how to start working alanon steps","1","1","100%","1"
"today's hope al-anon","1","1","100%","5"
"reflexion de al anon","1","0","0%","5"
"12 steps of al-anon for alzheimer caregivers","1","0","0%","1"
"al-anon step 4 description","1","1","100%","1"
"how alanon works chapter 12","1","0","0%","2"
"how to let go alanon","1","0","0%","4"
"al anon video","1","0","0%","10"
"list of the 12 steps of al-anon","1","1","100%","3"
"how to work through al anon","1","1","100%","4"
"daily reading one day at a time","1","1","100%","7"
"concept 11 al-anon","1","0","0%","5"
"today inspirations for family anonymous","1","1","100%","4"
"al anon literature online free","1","0","0%","7"
"al anon disconnect with love","1","0","0%","7"
"willingness step-daughter ox","1","0","0%","5"
"al-anon daily reflections online free printable","1","1","100%","1"
"step 6 prayer","1","0","0%","7"
"hope as it related to step 2","1","1","100%","4"
"step 3 in al-anon","1","0","0%","2"
"al-anon 12 step program","1","1","100%","4"
"12 step steps fro al-anon","1","0","0%","2"
"letting go of resistance in alanon","1","1","100%","8"
"al anon control fixer","1","1","100%","4"
"alanon quote for the day","1","0","0%","5"
"al anon leterature","1","0","0%","7"
"detachment with love alanon","1","0","0%","3"
"alanon view on busyness","1","2","200%","1"
"a day at a time daily reading","1","0","0%","10"
"step 1 al anon","1","0","0%","3"
"30 july reading from 'courage to change '","1","0","0%","5"
"al-anon “for that, i am responsible…”","1","1","100%","3"
"www.alanon.life.com","1","0","0%","9"
"step 4 alanom","1","1","100%","2"
"what is the most important book for al-anon","1","0","0%","1"
"step 1 questions in al anon","1","1","100%","1"
"al-anon uk detach with love","1","0","0%","3"
"al-anon literature what members learn boundaries not control drinking","1","0","0%","2"
"the board sayings in the al anon program daily reminders list","1","0","0%","4"
"what does recovery in al anon mean","1","0","0%","3"
"step four alanon discussion","1","0","0%","2"
"p18 how al anon works","1","0","0%","7"
"prayers for alanon","1","0","0%","5"
"al-anon step four","1","0","0%","3"
"alnon step 1","1","2","200%","1"
"were entirely ready to have god remove all my defects of character","1","0","0%","6"
"how to do the 12 steps alamom","1","0","0%","7"
"al-anon step 6 mp3","1","1","100%","1"
"does al anon have stepwork","1","1","100%","3"
"alanon and thinking pdf","1","1","100%","7"
"the healing power of al alnon","1","0","0%","2"
"hope for today al-anon daily reading","1","1","100%","3"
"free al-anon literature","1","0","0%","5"
"al anon all our affairs reading","1","1","100%","8"
"beneftis of step 4 in alanon","1","1","100%","1"
"alanon introduction","1","0","0%","10"
"alc anon","1","0","0%","7"
"grief alanon reading","1","1","100%","4"
"al-anon recommended reading","1","0","0%","1"
"detachment with love alaon","1","4","400%","2"
"al-anon step 3 summarized","1","0","0%","2"
"al anon says","1","0","0%","4"
"al anon ust for today","1","0","0%","9"
"the 12 steps alanon","1","0","0%","3"
"the alanon 12 steps","1","0","0%","4"
"alanon workbook online","1","0","0%","8"
"daily readings recovery worksheet","1","0","0%","10"
"alanon reading on possibilities","1","1","100%","1"
"alanon willing topic","1","1","100%","1"
"al-anon exhaustion","1","1","100%","2"
"how unity helps in al anon recovery","1","0","0%","5"
"what are the 12 steps say about integrity","1","1","100%","2"
"al anon shares","1","0","0%","9"
"alanon books on 12 steps to recovery","1","1","100%","5"
"alan on daily sharing","1","0","0%","10"
"12 step daily reflections","1","0","0%","9"
"is steo 12 in l-anon and aa about service","1","1","100%","1"
"trusting a hihher power","1","0","0%","6"
"alanon in english one day....","1","0","0%","10"
"al-anon number step work","1","0","0%","3"
"motivational books to read free pdf","1","0","0%","6"
"what is the prayer they use at al-anon meetings today","1","0","0%","3"
"al anon one day at a time","1","0","0%","3"
"al-anon readings for meetings","1","0","0%","4"
"ál anon steps","1","0","0%","2"
"al-anon and service","1","1","100%","4"
"al a non 4 th week meeting topic for july 30","1","1","100%","5"
"gratitude in al anon","1","0","0%","6"
"alanon affirmation","1","0","0%","6"
"hope for today al-anon daily reading and emotional back back","1","1","100%","2"
"newark anon affirmations","1","0","0%","9"
"al anon.org/blog","1","0","0%","4"
"all anon reason to hope","1","1","100%","2"
"al steps","1","0","0%","4"
"al anon literature uk","1","0","0%","8"
"thebeachreadandrecover alanon","1","0","0%","3"
"12 steps of al-anon for caregivers","1","0","0%","1"
"step 8 in alanon","1","0","0%","3"
"nothing stays the same forever. alanon","1","0","0%","6"
"step 8 reading al anon","1","0","0%","2"
"first step principle - honesty questions","1","0","0%","6"
"how to do a step 4 in al-anon","1","1","100%","2"
"step two sample alanon test","1","1","100%","1"
"al-anon how does the "disease" work","1","1","100%","7"
"grief readings in alanon","1","1","100%","4"
"alanon 12 principles","1","0","0%","8"
"removal of character defects is not instantaneius","1","0","0%","6"
"alanon help for today","1","0","0%","7"
"al anon reading","1","1","100%","3"
"daily readings al anon","1","0","0%","2"
"setting boundaries in al-anon","1","0","0%","2"
"how do i know if i am reluctant to trust my higher power?","1","1","100%","2"
"step9 remediation","1","0","0%","3"
"one day at a time reader","1","1","100%","1"
"alanon recovery prayer","1","1","100%","5"
"alanon depart with love","1","0","0%","6"
"format if step 4 al ano","1","1","100%","7"
"al-anon personal growth","1","0","0%","4"
"12 step for alanon","1","0","0%","2"
"al anon advice for letting go with love","1","0","0%","8"
"7-humility","1","0","0%","4"
"what are the alanon 12 steps","1","1","100%","2"
"alanon cange","1","0","0%","8"
"alanon today reading","1","0","0%","2"
"advice for families of addicts","1","0","0%","6"
"al anon literature about practice","1","1","100%","4"
"commentarey on step 8 in alanon","1","1","100%","2"
"what is step 6 of 12 steps","1","0","0%","6"
"al-anon step +6 focus","1","1","100%","1"
"+four primary ideas of the alanon 12 steps","1","0","0%","2"
"self care discussio for alanon","1","0","0%","7"
"alanon leas ideas","1","1","100%","4"
"step 1 work for al anon","1","0","0%","2"
"first step principle - honesty questionsa","1","0","0%","5"
"step 5 in alanon","1","1","100%","1"
"al anon sharing of poems in meetings","1","0","0%","1"
"what is al anon short for","1","0","0%","7"
"al anon alateen prayer for today","1","0","0%","8"
"al anon materials","1","0","0%","5"
"al anon uk literature","1","0","0%","7"
"what does working the 12 steps in al anon actually look like. give an example about how it actually goes about","1","1","100%","2"
"step 4 readings","1","1","100%","4"
"surrender in alanon","1","0","0%","8"
"give me a list of recovery reflections","1","0","0%","6"
"principles above personalities","1","0","0%","8"
"affirmations alanon","1","1","100%","2"
"al anon today","1","1","100%","2"
"12 step programme al-anon","1","0","0%","5"
"al anon litrature about living with a sober partner","1","0","0%","8"
"d to step 9.","1","0","0%","3"
"recovery through service alanon","1","0","0%","3"
"al-anon step 8","1","0","0%","3"
"al anon readings on line","1","0","0%","3"
"al anon getting out of the way","1","0","0%","7"
"francis alanon","1","0","0%","7"
"frail humility","1","0","0%","3"
"al-anon step 7 prayer","1","3","300%","3"
"al anon over reacting","1","0","0%","8"
"readings on joy al non","1","0","0%","8"
"what does detachment mean in al-anon","1","0","0%","10"
"today's hope and al-anon","1","1","100%","5"
"todays hope al anon","1","0","0%","3"
"alanon procrastination reading","1","0","0%","8"
"step nine in allen on","1","1","100%","1"
"courage to change al-anon","1","0","0%","9"
"al-anon today","1","0","0%","5"
"al-anon step 3 prayer","1","0","0%","4"
"al-anon sept 15 message of the day","1","0","0%","8"
"al alon 12 steps","1","1","100%","2"
"what would a daily reading from a anals be","1","0","0%","1"
"families struggling with addiction","1","0","0%","5"
"the twelve steps of alanon","1","0","0%","4"
"step 6 in the 12 steps","1","0","0%","10"
"alanon ideas","1","1","100%","4"
"journey stepp anon","1","0","0%","4"
"laanon step 4","1","0","0%","2"
"vincere al anon","1","0","0%","4"
"alonreudor","1","0","0%","18"
"four primary ideas of the anon 12 steps","1","1","100%","1"
"entirely ready alanon","1","1","100%","1"
"al anon meeting on boundries","1","1","100%","4"
"alanon and regrets","1","1","100%","7"
"coursge to change page of the day","1","1","100%","2"
"al anon review of books","1","0","0%","3"
"al-anon poems","1","1","100%","1"
"al-non onlibe resources","1","1","100%","5"
"service in al-anon stories","1","0","0%","6"
"daily affirmations 12 steps","1","0","0%","7"
"ste 7 in alanon","1","1","100%","2"
