title,kind,status,url,linked_from,forwards_from,in_story_room,story_room_id,author,words,live_on_dailypaths_today,note
"The Twelve Steps","Guide","Not in the Story Room","/guides/twelve-steps/","Guides index","","no","","","","no","Built from a template in this repository. Editing it means changing code, not publishing."
"Focus on Yourself","Topic page","Not in the Story Room","/topics/focus-on-yourself/","Topics index + Reflections (9)","/themes/focus-on-yourself/","no","","","","yes","An inherited topic page. Not promoted as an article or a guide, and still at its /topics/ address."
"Trusting a Higher Power","Topic page","Not in the Story Room","/topics/higher-power/","Topics index + Reflections (36)","/themes/higher-power/","no","","","","yes","An inherited topic page. Not promoted as an article or a guide, and still at its /topics/ address."
"Understanding the Disease","Topic page","Not in the Story Room","/topics/the-disease/","Topics index + Reflections (10)","/themes/the-disease/","no","","","","yes","An inherited topic page. Not promoted as an article or a guide, and still at its /topics/ address."
"Gratitude & Hope","Article","Deferred","/topics/gratitude-and-hope/","Articles index + Topics index + Reflections (14) (production only)","/themes/gratitude-and-hope/","yes","cms-gratitude-and-hope","","780","yes","Hidden from the preview listings, but a production build still lists it. Awaiting its rewrite."
"One Day at a Time","Guide","Deferred","/topics/one-day-at-a-time/","Guides index + Topics index + Reflections (13) (production only)","/themes/one-day-at-a-time/","yes","cms-one-day-at-a-time","","749","yes","Hidden from the preview listings, but a production build still lists it. Awaiting its rewrite."
"Learning to Trust","Article","Published","/articles/learning-to-trust/","Articles index + Reflections (5)","","yes","13323066-9dc3-4a3e-8df8-324f307424db","Celina R","2875","no",""
"Letting Go: Caring Without Carrying","Article","Published","/articles/letting-go/","Articles index + Topics index + Reflections (12)","/topics/letting-go/ /themes/letting-go/ /themes/letting-go-of-control/","yes","cms-letting-go","Daily Paths","1162","via /topics/letting-go/","The Story Room publishes this at /topics/letting-go/; the site serves it at /articles/letting-go/."
"The Line I Kept Moving","Article","Published","/articles/the-line-i-kept-moving/","Articles index","","yes","cms-the-line-i-kept-moving","Lance W","1094","no",""
"The Stories We Tell Ourselves","Article","Published","/articles/the-stories-we-tell-ourselves/","Articles index + Topics index + Reflections (33)","/topics/honesty/ /themes/honesty/","yes","cms-honesty","Neal W.","1761","via /topics/honesty/","The Story Room publishes this at /topics/honesty/; the site serves it at /articles/the-stories-we-tell-ourselves/."
"Voices from the Grave","Article","Published","/articles/voices-from-the-grave/","Articles index","","yes","cms-voices-from-the-grave","Lance W","1365","no",""
"Who Am I Behind the Mask","Article","Published","/articles/who-am-i-behind-the-mask/","Articles index + Topics index + Reflections (11)","/topics/self-worth/ /themes/self-worth/","yes","cms-self-worth","","1163","via /topics/self-worth/","The Story Room publishes this at /topics/self-worth/; the site serves it at /articles/who-am-i-behind-the-mask/."
"Your First Al-Anon Meeting: What to Expect","Article","Published","/articles/your-first-al-anon-meeting/","Articles index","","yes","de45655f-f3a2-46a4-a2a7-a52a7174ed98","Daily Paths","1488","no",""
"Boundaries","Guide","Published","/guides/boundaries/","Guides index + Topics index + Reflections (21)","/topics/boundaries/ /themes/boundaries/","yes","cms-boundaries","Daily Paths","1791","via /topics/boundaries/","The Story Room publishes this at /topics/boundaries/; the site serves it at /guides/boundaries/."
"Detachment with Love","Guide","Published","/guides/detachment-with-love/","Guides index + Topics index + Reflections (20)","/topics/detachment/ /themes/detachment/ /guides/detachment/","yes","051e6f44-9d55-4a16-ba92-61a7a06f642e","","1768","via /topics/detachment/",""
"Finding Help: Could Al-Anon Be for You?","Guide","Published","/guides/finding-help/","Guides index + Topics index + Reflections (20)","/topics/fellowship/ /themes/fellowship/ /about-alanon/ /guides/about-alanon/ /literature/ /literature/courage-to-change/ /literature/paths-to-recovery/ /literature/one-day-at-a-time/ /literature/how-al-anon-works/","yes","012aaa8a-e94a-4ff2-8730-87a663205057","","2309","via /topics/fellowship/ /about-alanon/ /literature/ /literature/courage-to-change/ /literature/paths-to-recovery/ /literature/one-day-at-a-time/ /literature/how-al-anon-works/",""
"Surrender","Guide","Published","/guides/surrender/","Guides index + Topics index + Reflections (43)","/topics/powerlessness/ /themes/powerlessness/","yes","cms-powerlessness","Daily Paths","2607","via /topics/powerlessness/","The Story Room publishes this at /topics/powerlessness/; the site serves it at /guides/surrender/."
