proposed_theme,readings,programs_spanned,absorbed_from_current_themes
Practice,17,10,Practice (2); Integration (2); Application; Tools; Action; Cooperation; Preparation; Strength; Accountability; Consistency; Effort; Resourcefulness; Foundation; Spiritual Connection; Completeness
Letting Go,16,9,Relief (4); Surrender (3); Faith; Willingness; Trust; Hope; Release; Partnership; Relinquishment; Control; Miracles
Amends,14,2,Freedom (3); Progress; Perspective; Discernment; Consideration; Certainty; Acceptance; Patience; Simplicity; Immediacy; Proportionality; Purification
Fellowship,14,11,Unity (3); Fellowship (3); Consistency; Courage; Community; Balance; Experience; Sponsorship; Focus; Accountability
Self-Awareness,14,9,Understanding (2); Awareness (2); Discernment (2); Detachment; Sanity; Choice; Growth; Beliefs; Awakening; Humility; Self-awareness
Humility,13,10,Humility (9); Acceptance; Accountability; Vulnerability; Honesty
Responsibility,13,10,Responsibility (3); Integrity (2); Honesty (2); Wisdom; Autonomy; Authority; Boundaries; Courage; Accountability
Prayer and Meditation,11,5,Prayer (5); Simplicity (2); Meditation (2); Spiritual intimacy; Guidance
Acceptance,10,8,Acceptance (2); Detachment (2); Reality (2); Truth; Grief; Faith; Expectations
Coming to Believe,10,2,Faith (4); Freedom (2); Honesty; Connection; Growth; Understanding
Connection,10,6,Connection (7); Reaching out; Belonging; Balance
Living Amends,10,2,Integrity; Consistency; Self-Discipline; Intimacy; Love; Courtesy; Charity; Redirection; Continuity; Example
Service,10,7,Service (6); Mutuality; Leadership; Vision; Availability
Surrender,10,5,Surrender (4); Faith; Practice; Honesty; Trust; Self-will; Connection
Boundaries,8,6,Boundaries (6); Autonomy; Independence
Character Defects,8,5,Vulnerability; Identity; Choice; Trust; Resistance; Transformation; Control; Motivation
Detachment,8,6,Detachment (6); Freedom; Peace
Honesty,8,4,Honesty (3); Relief; Willingness; Courage; Commitment; Perspective
Hope and Gratitude,8,5,Hope (4); Gratitude (2); Clarity; Change
Open-Mindedness,8,6,Tolerance; Inclusion; Trust; Discernment; Principles; Unity; Spirit; Democracy
Progress Not Perfection,8,5,Honesty (2); Progress (2); Perfectionism; Patience; Acceptance; Surrender
Readiness,8,2,Surrender (2); Honesty (2); Fear; Relationship; Readiness; Spiritual Connection
Spiritual Growth,8,5,Growth (2); Awareness (2); Trust; Depth; Sanity; Awakening
Faith,7,4,Faith (5); Trust (2)
Fear,7,6,Fear (4); Acceptance; Honesty; Humility
Identity,7,4,Identity (5); Boundaries; Detachment
Inventory,7,3,Honesty (2); Courage; Perspective; Clarity; Balance; Reliance
Patience,7,5,Patience (5); Trust; Process
Resentment and Forgiveness,7,5,Forgiveness (3); Acceptance; Self-forgiveness; Redirection; Resentment
Respect,7,7,Respect (4); Humility; Freedom; Connection
Self-Compassion,7,4,Self-compassion (2); Compassion; Gentleness; Self-Acceptance; Willingness; Faith
Shame and Guilt,7,2,Relief (2); Acceptance; Self-compassion; Honesty; Freedom; Integrity
Trusting Others,7,5,Trust (5); Growth; Leadership
Self-Worth,6,6,Equality; Self-esteem; Self-worth; Independence; Self-Acceptance; Self-love
Serenity,6,4,Presence (2); Serenity (2); Patience; Peace
Courage,5,5,Courage (2); Empowerment; Willingness; Faith
People-Pleasing,5,4,Boundaries (2); Humility; Accountability; Service
Powerlessness,5,2,Powerlessness (2); Acceptance; Boundaries; Freedom
Self-Care,5,5,Self-Care (3); Empowerment; Health
Self-Focus,5,4,Empowerment (2); Focus (2); Self-focus
Trust in a Higher Power,5,5,Trust (4); Relationship
Understanding the Disease,5,2,Understanding (2); Family; Awareness; Compassion
Willingness,5,3,Willingness (2); Freedom; Readiness; Persistence
