theme,reflections,points_to_today,new_destination,status,sample_1,sample_2,sample_3
Trust,19,/topics/higher-power/,/topics/higher-power/,carried over — change if you disagree,Restored to Sanity,Consistency I Never Found,Learning to Trust
Honesty,16,/articles/the-stories-we-tell-ourselves/,/articles/the-stories-we-tell-ourselves/,carried over — change if you disagree,Breaking Denial,My Way,Examining My Beliefs
Faith,14,/topics/higher-power/,/topics/higher-power/,carried over — change if you disagree,The Past Tense of Belief,Seeking a Power Greater,The Group as Higher Power
Humility,13,,,NEEDS A DESTINATION,The Martyr Role,Humbled by Frailty,Advising Is Not Al-Anon
Boundaries,10,/guides/boundaries/,/guides/boundaries/,carried over — change if you disagree,Fixing Someone Else's Disease,Our Proper Relationship,The Boundaries of Happiness
Connection,10,/topics/fellowship/,/topics/fellowship/,carried over — change if you disagree,The Power of We,Relying on Others,Personal Relationship
Freedom,10,/guides/detachment-with-love/,/guides/detachment-with-love/,carried over — change if you disagree,My Actions Have No Power,Freeing My Mind,The Nature of Willingness
Surrender,10,/guides/surrender/,/guides/surrender/,carried over — change if you disagree,The Hardest Thing,Putting Down the Rock,"Readiness, Not Control"
Acceptance,9,/guides/surrender/,/guides/surrender/,carried over — change if you disagree,The Convincing Game,The Warm Bath of Victimhood,I Cannot Do Everything
Detachment,9,/guides/detachment-with-love/,/guides/detachment-with-love/,carried over — change if you disagree,A Change in Perspective,Not Adopting Others' Moods,Letting Go of the Result
Patience,8,/topics/one-day-at-a-time/,/topics/one-day-at-a-time/,carried over — change if you disagree,Meaning Takes Time,Not Instantly Sane,God's Timing
Relief,7,/guides/surrender/,/guides/surrender/,carried over — change if you disagree,Coming for Relief,Impossible Responsibilities,The Burden Lifted
Service,7,,,NEEDS A DESTINATION,Resigning as General Manager,Many Forms,The Illusion of Control in Service
Courage,6,,,NEEDS A DESTINATION,Courage to Change,The Gap Between Deciding and Doing,The Courage to See
Identity,6,/topics/self-worth/,/topics/self-worth/,carried over — change if you disagree,The Defect That Feels Like Me,The Silence After Surrender,The Stranger in the Mirror
Willingness,6,/articles/letting-go/,/articles/letting-go/,carried over — change if you disagree,Setting Aside Willfulness,Honest Open Willing,Facing What Haunts Me
Awareness,5,/articles/the-stories-we-tell-ourselves/,/articles/the-stories-we-tell-ourselves/,carried over — change if you disagree,Well-Meaning Efforts,Catching Myself,The Emergency Brake
Balance,5,,,NEEDS A DESTINATION,Freedom and Belonging,Power Needs Accountability,The First Word
Fear,5,,,NEEDS A DESTINATION,Addicted to Chaos,The Gift of Honesty,Cleaning the House
Hope,5,/topics/gratitude-and-hope/,/topics/gratitude-and-hope/,carried over — change if you disagree,Not Helpless,Growing Encouragement,New-Found Hope
Prayer,5,/topics/higher-power/,/topics/higher-power/,carried over — change if you disagree,Praying for Restoration,Pray for Openness,How Do We Acquire Willingness
Understanding,5,/topics/the-disease/,/topics/the-disease/,carried over — change if you disagree,Taking Things Into Our Own Hands,Understanding Made It Easy,Acting on Beliefs
Accountability,4,,,NEEDS A DESTINATION,No Longer Acceptable,Cross-Checks and Balance,The Immediate Stop
Choice,4,,,NEEDS A DESTINATION,Conscious Choices,The Power of Choice,Making Conscious Decisions
Discernment,4,,,NEEDS A DESTINATION,Judgment's Two Faces,Look Before You Leap,Adept at Correction
Empowerment,4,,,NEEDS A DESTINATION,What Can Be Changed,Discovering What I'm Not Powerless Over,Things I Never Thought I Could
Growth,4,,,NEEDS A DESTINATION,Much Different Today,New Horizons Opening,The Inventory Grows With Me
Integrity,4,/articles/the-stories-we-tell-ourselves/,/articles/the-stories-we-tell-ourselves/,carried over — change if you disagree,Obedience to the Unenforceable,From Indictment To Invitation,More Than Sorry
Respect,4,/guides/boundaries/,/guides/boundaries/,carried over — change if you disagree,Supporting Competence and Dignity,The Right to Be Wrong,Respect Makes Harmony
Unity,4,/topics/fellowship/,/topics/fellowship/,carried over — change if you disagree,Desiring Sanity,Similarities Outweigh Differences,Unity Through Focus
Fellowship,3,/topics/fellowship/,/topics/fellowship/,carried over — change if you disagree,The Need I Didn't Know I Had,Guidance and Encouragement,Learning by Osmosis
Focus,3,/topics/focus-on-yourself/,/topics/focus-on-yourself/,carried over — change if you disagree,The Discipline of One Thing,Not Their Inventory,Maintaining Group Focus
Forgiveness,3,,,NEEDS A DESTINATION,Best Served by Forgiving,The Softening of Resentment,The Spiritual Expansion of Forgiveness
Perspective,3,,,NEEDS A DESTINATION,True Perspective,Reasoning Together,Equal Height Steps
Practice,3,,,NEEDS A DESTINATION,Turning to My Higher Power,One at a Time,The Practice of Release
Progress,3,,,NEEDS A DESTINATION,Cooperate Then Move On,The Yes Category,Fewer and Farther Between
Responsibility,3,,,NEEDS A DESTINATION,Responsible for Me,Blaming and Excusing,Only I Can Unlock
Self-compassion,3,/topics/self-worth/,/topics/self-worth/,carried over — change if you disagree,The Balance of Honesty,Not the Worst,The 'All or Nothing' Trap
Simplicity,3,/topics/one-day-at-a-time/,/topics/one-day-at-a-time/,carried over — change if you disagree,However I Choose to Ask,Simple Plans,Keeping It Simple
Autonomy,2,,,NEEDS A DESTINATION,My Emotions Are My Own,The Structure That Set Me Free,
Compassion,2,/topics/the-disease/,/topics/the-disease/,carried over — change if you disagree,Patient with Mistakes,The Most Difficult Part,
Consistency,2,,,NEEDS A DESTINATION,The Sound of Changed Behavior,The Maintenance Phase,
Control,2,/articles/letting-go/,/articles/letting-go/,carried over — change if you disagree,Control Disguised as Love,Backseat Driving,
Gratitude,2,/topics/gratitude-and-hope/,/topics/gratitude-and-hope/,carried over — change if you disagree,The Gifts of Step Eleven,The Joy of Giving,
Independence,2,/guides/boundaries/,/guides/boundaries/,carried over — change if you disagree,Paying My Own Emotional Rent,When Others Support Us,
Integration,2,,,NEEDS A DESTINATION,The Program Summed Up,Beyond the Meetings,
Leadership,2,,,NEEDS A DESTINATION,Choose and Allow,The Necessity of Good Leadership,
Meditation,2,,,NEEDS A DESTINATION,Redefining Meditation,Listening is Action,
Peace,2,/topics/one-day-at-a-time/,/topics/one-day-at-a-time/,carried over — change if you disagree,A Clear Conscience,From Obsession to Peace,
Powerlessness,2,/guides/surrender/,/guides/surrender/,carried over — change if you disagree,Nothing We Do or Don't Do,Powerlessness Over Others,
Presence,2,/topics/one-day-at-a-time/,/topics/one-day-at-a-time/,carried over — change if you disagree,One Day at a Time,Spiritualizing the Mundane,
Readiness,2,,,NEEDS A DESTINATION,When Pain Exceeds Fear,The Second Part,
Reality,2,/topics/the-disease/,/topics/the-disease/,carried over — change if you disagree,Serenity is Not the End Goal,Life Still Happens,
Redirection,2,/topics/focus-on-yourself/,/topics/focus-on-yourself/,carried over — change if you disagree,The Many Forms of Amends,Saved from Resentment,
Relationship,2,,,NEEDS A DESTINATION,Ready and Knowing,God on the List,
Sanity,2,/topics/the-disease/,/topics/the-disease/,carried over — change if you disagree,Defining Sanity,Measuring Success,
Self-Care,2,/topics/focus-on-yourself/,/topics/focus-on-yourself/,carried over — change if you disagree,Amends for Damage to Self,Doormat or Disciple?,
Serenity,2,/topics/one-day-at-a-time/,/topics/one-day-at-a-time/,carried over — change if you disagree,"Daily Serenity, Continued Growth",The Power Inside,
Spiritual Connection,2,/topics/higher-power/,/topics/higher-power/,carried over — change if you disagree,The Growth Cycle,The Busyness Defense,
Vulnerability,2,,,NEEDS A DESTINATION,Defenses That No Longer Serve,The Gap Between Ready and Asking,
Action,1,,,NEEDS A DESTINATION,The Starting Point,,
Application,1,,,NEEDS A DESTINATION,Traditions at Home,,
Authority,1,,,NEEDS A DESTINATION,Responsibility Needs Power,,
Availability,1,,,NEEDS A DESTINATION,Supporting My Own Recovery,,
Awakening,1,,,NEEDS A DESTINATION,The Crash That Woke Me,,
Beliefs,1,,,NEEDS A DESTINATION,Inventorying Beliefs,,
Belonging,1,/topics/fellowship/,/topics/fellowship/,carried over — change if you disagree,Never Alone Again,,
Building,1,,,NEEDS A DESTINATION,Already Have a List,,
Certainty,1,,,NEEDS A DESTINATION,I Will Reap Benefits,,
Change,1,,,NEEDS A DESTINATION,The Door Opens,,
Charity,1,,,NEEDS A DESTINATION,Kindness as Amends,,
Clarity,1,/articles/the-stories-we-tell-ourselves/,/articles/the-stories-we-tell-ourselves/,carried over — change if you disagree,Paths to Recovery,,
Commitment,1,,,NEEDS A DESTINATION,The Truth Sets Me Free,,
Community,1,/topics/fellowship/,/topics/fellowship/,carried over — change if you disagree,Not All By Myself,,
Completeness,1,,,NEEDS A DESTINATION,A Way of Life Like No Other,,
Consideration,1,,,NEEDS A DESTINATION,Think Instead of Leap,,
Continuity,1,,,NEEDS A DESTINATION,The Hardest Amends,,
Cooperation,1,,,NEEDS A DESTINATION,Not Sitting Back,,
Courtesy,1,,,NEEDS A DESTINATION,Courtesy as Amends,,
Democracy,1,,,NEEDS A DESTINATION,The Rush to Certainty,,
Depth,1,,,NEEDS A DESTINATION,Peeling Layers,,
Effort,1,,,NEEDS A DESTINATION,Effort vs. Perfection,,
Equality,1,,,NEEDS A DESTINATION,Equal in Importance,,
Example,1,,,NEEDS A DESTINATION,Being the Message,,
Expectations,1,,,NEEDS A DESTINATION,Expecting Too Much,,
Experience,1,,,NEEDS A DESTINATION,Nonprofessional Strength,,
Family,1,,,NEEDS A DESTINATION,A Family Disease,,
Foundation,1,,,NEEDS A DESTINATION,The Foundation of Experience,,
Gentleness,1,,,NEEDS A DESTINATION,Again and Again,,
Grief,1,,,NEEDS A DESTINATION,A Grief Process,,
Guidance,1,,,NEEDS A DESTINATION,Help to Move On,,
Health,1,,,NEEDS A DESTINATION,Daily Health Maintenance,,
Immediacy,1,,,NEEDS A DESTINATION,Immediate Attention,,
Inclusion,1,/topics/fellowship/,/topics/fellowship/,carried over — change if you disagree,Minority Voices,,
Intimacy,1,,,NEEDS A DESTINATION,Amends to Those Closest,,
Love,1,,,NEEDS A DESTINATION,Loving in the Present,,
Miracles,1,/topics/gratitude-and-hope/,/topics/gratitude-and-hope/,carried over — change if you disagree,The Miracle of Letting Go,,
Motivation,1,,,NEEDS A DESTINATION,Avoiding the Pain of Shortcomings,,
Mutuality,1,,,NEEDS A DESTINATION,Helped and Helping,,
Partnership,1,,,NEEDS A DESTINATION,Let Go and Let God,,
Perfectionism,1,,,NEEDS A DESTINATION,Not Perfect Just Done,,
Persistence,1,,,NEEDS A DESTINATION,Take Action and Try,,
Preparation,1,,,NEEDS A DESTINATION,Alternative Ways to Act,,
Principles,1,,,NEEDS A DESTINATION,The Spiritual Foundation,,
Process,1,,,NEEDS A DESTINATION,Taking Responsibility Gradually,,
Proportionality,1,,,NEEDS A DESTINATION,Fitting the Amends,,
Purification,1,,,NEEDS A DESTINATION,The Purpose of Cleansing,,
Reaching out,1,,,NEEDS A DESTINATION,The Strength of a Phone Call,,
Release,1,/guides/detachment-with-love/,/guides/detachment-with-love/,carried over — change if you disagree,The Release of Turning Over,,
Reliance,1,/topics/higher-power/,/topics/higher-power/,carried over — change if you disagree,Higher Power's Care,,
Relinquishment,1,/guides/detachment-with-love/,/guides/detachment-with-love/,carried over — change if you disagree,The Relief of Not Being Right,,
Resentment,1,,,NEEDS A DESTINATION,The Question That Changed Everything,,
Resistance,1,,,NEEDS A DESTINATION,The Ones I Need,,
Resourcefulness,1,,,NEEDS A DESTINATION,The Tool Box of Growth,,
Self-acceptance,1,/topics/focus-on-yourself/,/topics/focus-on-yourself/,carried over — change if you disagree,Stubborn Shortcomings,,
Self-Acceptance,1,/topics/focus-on-yourself/,/topics/focus-on-yourself/,carried over — change if you disagree,Comfort in Self,,
Self-awareness,1,/articles/the-stories-we-tell-ourselves/,/articles/the-stories-we-tell-ourselves/,carried over — change if you disagree,Studying My Reactions,,
Self-care,1,/topics/focus-on-yourself/,/topics/focus-on-yourself/,carried over — change if you disagree,I Had Harmed Myself,,
Self-Discipline,1,/guides/boundaries/,/guides/boundaries/,carried over — change if you disagree,The Lie of Habitual Apologies,,
Self-esteem,1,/topics/self-worth/,/topics/self-worth/,carried over — change if you disagree,What Alcoholism Destroyed,,
Self-focus,1,/topics/focus-on-yourself/,/topics/focus-on-yourself/,carried over — change if you disagree,Shifting the Focus,,
Self-forgiveness,1,/topics/self-worth/,/topics/self-worth/,carried over — change if you disagree,Freedom to Acknowledge,,
Self-love,1,/topics/focus-on-yourself/,/topics/focus-on-yourself/,carried over — change if you disagree,The Order of Love,,
Self-will,1,/articles/letting-go/,/articles/letting-go/,carried over — change if you disagree,Giving Up Self-Will,,
Self-worth,1,/topics/self-worth/,/topics/self-worth/,carried over — change if you disagree,The Self-Esteem That Survives Defects,,
Spirit,1,/topics/higher-power/,/topics/higher-power/,carried over — change if you disagree,The Spirit of the Traditions,,
Spiritual intimacy,1,/topics/higher-power/,/topics/higher-power/,carried over — change if you disagree,Not Our Friends,,
Sponsorship,1,/topics/fellowship/,/topics/fellowship/,carried over — change if you disagree,"Praying for Guidance, Not a Script",,
Strength,1,,,NEEDS A DESTINATION,Spiritual Muscles,,
Tolerance,1,,,NEEDS A DESTINATION,Listening with Respect,,
Tools,1,,,NEEDS A DESTINATION,A Tool for My Recovery,,
Transformation,1,,,NEEDS A DESTINATION,Assets Hidden in Faults,,
Truth,1,/articles/the-stories-we-tell-ourselves/,/articles/the-stories-we-tell-ourselves/,carried over — change if you disagree,Accepting the Truth,,
Vision,1,/topics/gratitude-and-hope/,/topics/gratitude-and-hope/,carried over — change if you disagree,Improving the Fellowship,,
Wisdom,1,,,NEEDS A DESTINATION,Ultimate Responsibility,,
